[
    {
        "ano": 2017,
        "conquistas": [
            { 
                "conquista": "Medalha de Ouro - OBMEP",
                "fonte": "Olímpiada Brasileira de Matemática das Escolas Públicas"
            }
        ]
    },
    {
        "ano": 2018,
        "conquistas": [
            { 
                "conquista": "Medalha de Ouro - OBMEP",
                "fonte": "Olímpiada Brasileira de Matemática das Escolas Públicas"
            }
        ]
    },
    {
        "ano": 2019,
        "conquistas": [
            { 
                "conquista": "Medalha de Ouro - OBMEP",
                "fonte": "Olímpiada Brasileira de Matemática das Escolas Públicas"
            }
        ]
    }
]